,tac0,tac1,tac2,tac3,sigma0,sigma1,sigma2,sigma3
0,0.086214066,0.09740353,0.0827173,0.07857931,0.8641196,0.8816215,0.91846204,0.9348737
1,0.35149968,0.37698483,0.35483813,0.33673084,1.0022366,0.99924874,0.9965282,1.2613413
2,0.3200457,0.4289605,0.30326372,0.3189082,1.2178522,1.2866248,1.2294817,1.2929834
3,0.20111251,0.14777696,0.15904939,0.25922775,1.1250659,0.9040152,0.8522586,0.94621634
4,0.3222921,0.31105638,0.29082012,0.21275318,1.404891,1.3105773,1.2939883,1.3245958
5,0.33827162,0.27499712,0.27655578,0.27669358,1.2301563,1.1124042,1.1189487,1.0566695
6,0.31591415,0.34820843,0.31355357,0.28220284,0.90208495,0.78600526,0.88854754,0.8757254
7,0.2496627,0.24425662,0.13924423,0.1808401,1.0844781,1.0490363,1.0292935,1.1100022
8,0.36654854,0.29166353,0.2731477,0.27581525,1.1018263,1.1285864,1.140478,1.0531071
9,0.3383205,0.3255778,0.29186702,0.23460847,1.1043663,1.0639474,1.1959959,1.1995882
10,0.25134206,0.18379688,0.23171633,0.20348841,1.3374312,1.2542611,1.2960688,1.3204819
11,0.26765943,0.12641144,0.19792783,0.21756399,0.9681438,0.979781,0.96486837,1.0130655
12,0.24743116,0.28994524,0.27462995,0.19488716,1.2048109,1.0576694,1.1713713,1.3285197
13,0.18715131,0.21235669,0.21677089,0.20670438,1.0042098,0.9735158,0.918488,1.090007
14,0.11962426,0.10685277,0.1311664,0.09330064,0.88089085,0.86829406,0.87705404,0.9301771
15,0.32356858,0.17713344,0.24470007,0.2396301,1.0654663,1.1294428,1.1224502,1.1107581
16,0.2064271,0.17204702,0.19503152,0.14245641,0.75181216,0.82878804,0.73654246,0.7472966
17,0.23486447,0.29297704,0.21842974,0.3063317,0.8998513,0.9929972,0.93422157,0.9931034
18,0.2882552,0.23300028,0.2264067,0.18995202,0.8533334,0.77489036,0.7914873,0.84086496
19,0.053373337,0.05598855,0.051847696,0.04310596,0.88245326,0.86230433,0.8816919,0.9667312
20,0.14856958,0.14441943,0.15286958,0.13132131,1.1825979,1.1552712,1.1815307,1.2783293
21,0.24947935,0.22791362,0.28507036,0.2436528,0.9272984,0.89493734,0.90068835,0.9343515
22,0.39085454,0.41039175,0.38615134,0.38868815,1.1481719,1.1979816,1.2384644,1.2283552
23,0.030454636,0.03589368,0.0305264,0.02820599,0.66361606,0.67671627,0.6469735,0.6530225
24,0.24592757,0.33804464,0.17855746,0.2424246,1.313572,1.9324152,1.2754214,1.3660331
25,0.41815782,0.38893998,0.3109213,0.44563556,1.0642127,1.0248746,1.0389669,0.9875266
26,0.1373955,0.13156497,0.14570618,0.13283777,0.8490292,0.9213788,0.81869876,0.93569136
27,0.19403839,0.26698422,0.16633356,0.2361905,1.0746787,0.99935275,1.0089917,1.1366979
28,0.17052436,0.21109629,0.37698096,0.21306396,1.2203605,1.101924,1.1785535,1.2807475
29,0.22559547,0.21076131,0.20365214,0.20760727,0.89073306,0.8683118,0.8149115,0.91785645
30,0.25682974,0.24676049,0.24299228,0.23775399,0.9000609,0.9483182,0.85282826,0.9427848
31,0.23999429,0.28520155,0.21878111,0.39761794,1.1460297,1.1477497,1.0875936,1.1658309
32,0.23130357,0.19416249,0.25962973,0.27225113,0.9723742,0.9879724,1.0103476,0.9959073
33,0.033539414,0.032228112,0.030171156,0.036271214,0.8235416,0.79083264,0.81413925,0.8459559
34,0.29869413,0.26268983,0.3306558,0.27698934,0.92376643,0.9798467,0.94853103,0.98559356
35,0.33832753,0.25662363,0.29805607,0.4143052,1.0501528,0.9494192,1.0066918,1.0286908
36,0.1532532,0.2105838,0.20853496,0.14413333,1.0616896,1.018478,0.9787311,1.0342106
37,0.053668022,0.057289124,0.055116057,0.054865837,0.7695366,0.7768242,0.8146289,0.79354364
38,0.14837122,0.21832895,0.23640084,0.20842016,1.2430946,1.2670947,1.238198,1.3072839
39,0.4102422,0.38561976,0.3083316,0.32949495,1.0843772,1.0624949,1.0628445,1.072979
40,0.13570738,0.101195335,0.13458776,0.12295151,1.4818952,1.513512,1.5091656,1.6471752
41,0.1392498,0.14361858,0.12708926,0.12142062,1.0131587,0.93556,1.0039942,1.090355
42,0.11001527,0.13176084,0.08377874,0.096087515,0.7933259,0.7516944,0.73787135,0.81090504
43,0.14330316,0.09821153,0.07057834,0.09077978,0.8696512,0.797624,0.8083292,0.8250131
44,0.08454728,0.12796247,0.13168168,0.13698804,1.1091967,1.085893,1.1506435,1.2256999
45,0.19944859,0.20433092,0.19178987,0.18620944,0.94464254,0.94872123,0.98006773,0.95362973
46,0.2124424,0.25083852,0.16816282,0.19863653,0.87055796,0.84600186,0.8531433,0.92325896
47,0.13960862,0.09671283,0.14690185,0.19134235,0.87557626,0.8738116,0.83150107,0.91734135
48,0.103594065,0.114759445,0.09876764,0.09863961,1.0190868,0.979799,0.9836225,1.0117041
49,0.2607218,0.23407817,0.24179685,0.20233274,0.8126688,0.8480424,0.8171831,0.8397677
50,0.20952094,0.22306895,0.19412279,0.16784054,0.97931427,0.92233324,1.0226513,0.99922085
51,0.13580275,0.15302253,0.14427578,0.12258303,0.8725488,0.8859303,0.8901623,0.9217788
52,0.15817714,0.12872362,0.106668234,0.10752654,0.89145994,0.8136981,0.8567116,0.8638595
53,0.2844584,0.22264206,0.23864591,0.22262573,0.88299036,0.8893026,0.92639446,0.93895143
54,0.24278009,0.28653133,0.27031255,0.26661956,1.0053068,1.0079932,1.0447884,1.0890841
55,0.15064645,0.19100237,0.1831373,0.17161167,0.8491117,0.8311117,0.7865701,0.79916406
56,0.12610173,0.13589644,0.1873436,0.18196058,1.044837,1.0252267,0.9407728,1.0280077
57,0.22744274,0.26961708,0.16864276,0.21056175,0.9163372,0.8699941,0.8614081,0.87811214
58,0.14892316,0.2314477,0.2261076,0.18142962,0.86922944,0.84652454,0.8221697,0.911025
59,0.1430347,0.1725123,0.15302444,0.17762089,0.86949444,0.82874453,0.820335,0.9049025
60,0.14090109,0.13506329,0.10964084,0.100435495,0.90916365,0.82729006,0.82221454,0.876541
61,0.1645292,0.16119623,0.14189756,0.11087072,0.8580792,0.83038837,0.8368167,0.8678104
62,0.17078698,0.2017231,0.15060735,0.20974267,0.83323747,0.8097293,0.8913739,0.87228835
63,0.21381432,0.17525727,0.19317386,0.14675736,1.377567,1.332305,1.3457828,1.4079885
64,0.15258002,0.15493059,0.17679095,0.12938797,0.9517973,0.9457987,0.90547115,0.9536511
65,0.354774,0.5225917,0.42439842,0.4459684,1.0436337,1.0326213,1.0470556,1.0148989
66,0.51174927,0.6224066,0.48225164,0.5585109,1.222165,1.1803089,1.1657702,1.2001256
67,0.323501,0.3061949,0.28464115,0.2721011,1.9209557,1.9250062,1.8947212,1.8151288
68,0.16388106,0.21032405,0.2139206,0.20840645,1.0062233,0.85513216,0.95461786,1.0183189
69,0.34050822,0.3693437,0.3448112,0.27834266,1.0747157,1.0073376,1.0051725,1.064291
70,0.47286272,0.49092722,0.5389581,0.56998396,1.2295744,1.2710558,1.2007636,1.2981573
71,0.19996786,0.18929148,0.38191307,0.26243532,1.243341,1.1724635,1.1231549,1.2180133
72,0.39233053,0.46645206,0.3868574,0.44386464,1.078195,1.097266,1.0411896,1.1728665
73,0.41771388,0.44414496,0.4600126,0.51089346,1.108904,1.1148701,1.201102,1.0967679
74,0.48955595,0.46665722,0.4422652,0.48395398,1.687635,1.5228007,1.54795,1.6140294
75,0.2258724,0.346866,0.3003484,0.27436304,1.3521639,1.1396455,1.5378368,1.5194408
76,0.30606925,0.3649552,0.29356903,0.2403574,1.0993419,1.0254831,1.1717894,1.0836177
77,0.3845985,0.44811678,0.33515763,0.46936655,1.4007697,1.3224989,1.3864405,1.4767116
78,0.44165266,0.384601,0.3193916,0.3861962,1.1411302,1.1491075,1.1514133,1.1598904
79,0.3825965,0.20416117,0.21586037,0.24215937,1.2994746,1.2036135,1.0336403,1.135372
80,0.25167727,0.308254,0.19964159,0.26882374,0.9685988,0.9596826,1.0037471,0.96358985
81,0.2676754,0.15731192,0.24558258,0.3724196,1.0148519,1.0249977,0.98438185,1.0044334
82,0.18202686,0.2514472,0.23832941,0.25618625,1.3214039,1.1985991,1.2750056,1.2881358
83,0.27475476,0.2023778,0.23208857,0.41669142,1.0802461,1.2694502,1.1702605,1.1412613
84,0.40111965,0.1911208,0.3994265,0.26692104,1.4667624,1.4177684,1.5045449,1.2115318
85,0.19317412,0.26694995,0.1988349,0.22294366,1.023228,1.049334,1.0645863,1.1381966
86,0.20789272,0.19017255,0.1880693,0.23068249,1.1814152,1.3223914,1.2903149,1.3377609
87,0.19168401,0.26502848,0.20474267,0.23388743,1.4004858,1.3452884,1.2585735,1.3901392
88,0.3205068,0.30619955,0.26747966,0.24734712,0.9960703,0.8769942,0.9648229,1.0471652
89,0.41817713,0.36184597,0.4752773,0.4716574,1.0520157,1.0461644,1.1240821,1.030164
90,0.19984406,0.2768777,0.24102321,0.18284303,1.2653122,1.212134,1.2279346,1.3385521
91,0.2638886,0.1619376,0.22588074,0.21455252,1.1039739,0.936637,1.0512542,1.2769597
92,0.34604144,0.27798414,0.3648901,0.19984293,1.3691015,1.3365632,1.2420313,1.3025628
93,0.39635658,0.34642076,0.3854512,0.30164433,1.1211125,1.1072077,1.1188446,1.3149478
94,0.43756342,0.51744175,0.4027903,0.4903202,1.3563113,1.2930812,1.3094988,1.4711133
95,0.21584845,0.15358114,0.25313914,0.275761,1.6131715,1.5674337,1.495306,1.6781017
96,0.3439582,0.39868426,0.27565882,0.2992349,1.0942228,1.0878286,1.2328509,1.2442529
97,0.37151825,0.33618855,0.36831164,0.49201512,1.2139224,1.1546988,1.1462185,1.1852616
98,0.24839509,0.28344077,0.3611143,0.24913849,0.9014137,0.9327176,0.858961,0.949313
99,0.31288755,0.25133145,0.23223364,0.22759843,0.9787518,0.8142577,0.90335256,0.9464367
100,0.08154118,0.11404574,0.118011236,0.084650695,0.78469825,0.76589596,0.7740482,0.8669157
101,0.29055047,0.21743321,0.26623404,0.23738194,1.0573317,0.9768674,0.99650055,1.0031852
102,0.2026105,0.17616391,0.25870162,0.23055613,1.0152162,1.0284294,1.0129806,1.1136758
103,0.26771933,0.19905716,0.25347555,0.25963014,0.9243079,0.9362055,0.8033627,0.9661186
104,0.30975118,0.24964392,0.30072922,0.19287625,1.2231468,1.0628287,1.2032769,1.242729
105,0.26533908,0.28284407,0.2536223,0.19522029,1.0406566,1.0145051,1.1317618,1.0281011
106,0.23029554,0.30264902,0.2691238,0.31257904,1.49737,1.2500355,1.3495297,1.3911659
107,0.1875521,0.2558983,0.2050094,0.17630675,0.82579756,0.9061338,0.95478475,0.9947887
108,0.1952194,0.19618475,0.18265188,0.18343931,0.8888451,0.86968625,1.299931,0.86770403
109,0.21790206,0.28315157,0.25646526,0.23159423,0.8857702,0.83096063,0.92172426,0.93736935
110,0.31381038,0.32100177,0.34344065,0.26094025,1.0883379,0.94343007,0.96782804,1.1371533
111,0.33558893,0.3135409,0.2538092,0.34807953,1.3956937,1.2568823,1.3941021,1.5433326
112,0.33528936,0.24311036,0.24080414,0.19824013,0.88373375,0.8714289,0.9223669,1.1628875
113,0.17093468,0.19000678,0.20715922,0.17611271,1.0246519,0.9012118,0.9456595,1.041144
114,0.25135386,0.30932322,0.22415647,0.26512325,1.0900136,1.1736768,1.1906968,1.1904993
115,0.2685907,0.11646819,0.24974006,0.22314543,0.95044076,0.99183875,0.8242956,0.89453727
116,0.24430194,0.4129268,0.22901532,0.21003383,1.6956124,1.3236938,1.2622389,1.236971
117,0.3301982,0.24339056,0.2957324,0.34006098,0.92636913,1.0375965,0.8792015,0.9903571
118,0.25275308,0.29074743,0.31604952,0.235359,1.0893147,1.1336937,1.2302967,1.181101
119,0.28188896,0.15602791,0.17522252,0.2287023,0.8234923,0.8387739,0.79990226,0.7818621
120,0.24584818,0.33663476,0.23949279,0.31361055,1.0780462,1.161413,1.0998923,1.0968786
121,0.21886718,0.21546137,0.21628451,0.22716647,0.87956476,0.94073904,0.8864598,0.9093052
122,0.30888644,0.45683065,0.29285294,0.52839977,1.2156761,1.0773786,1.0864378,1.1468964
123,0.21320397,0.18734562,0.26296526,0.18484999,1.1725129,1.0001634,1.0894957,1.1478087
124,0.14994442,0.17335147,0.16914117,0.13129029,0.8432654,0.73230785,0.7476781,0.8347896
125,0.17454457,0.21453476,0.18706107,0.16457129,0.94636524,0.9808401,0.96671283,1.0968785
126,0.37680763,0.45145476,0.39241022,0.31729934,0.99409544,1.0600884,1.1164615,1.0007101
127,0.15934062,0.13409746,0.13847339,0.14712581,0.77056265,0.74602157,0.7070774,0.7601314
128,0.27823073,0.24064732,0.21545117,0.17993516,1.012038,0.9569669,1.0644956,1.0692164
129,0.19152367,0.28274167,0.25842035,0.24747264,0.90495634,0.86862177,0.8135304,0.9032932
130,0.25880373,0.25569546,0.2478413,0.3057103,0.8837316,0.9279749,0.93511945,0.9141678
131,0.24048132,0.20047289,0.28462568,0.32805318,1.0628217,0.9961779,1.3856097,1.0223622
132,0.16328454,0.18719125,0.23094648,0.17780036,0.9040787,0.98629946,0.8889216,1.0657027
133,0.25973606,0.24020076,0.34258485,0.30711854,0.8655832,0.74905175,0.8258973,0.7887985
134,0.22296739,0.23548079,0.18400812,0.16522753,0.7921109,0.7968144,0.7534317,0.8156639
135,0.22986126,0.26833415,0.3500836,0.323745,0.93189865,0.99502784,1.1259508,1.0342468
136,0.17578328,0.16960645,0.1869458,0.16410178,1.0727556,1.0177554,1.0378911,1.0835577
137,0.21687126,0.23624325,0.27254522,0.2072581,1.1536217,1.1079657,1.0849944,1.1537257
138,0.19051027,0.19903505,0.18258917,0.19676852,0.90985066,0.8765199,0.7935824,0.785885
139,0.2439202,0.19986153,0.20870471,0.17884928,0.8892579,0.8330107,0.93803877,0.9336748
140,0.19068646,0.27789688,0.20011985,0.31914532,1.0515523,1.0538952,1.0924482,1.1913055
141,0.32693648,0.30738664,0.23887134,0.33719856,0.93773836,0.9387404,0.85012025,0.9647972
142,0.33040988,0.26413178,0.22890091,0.26174378,0.95466334,0.922033,1.017564,0.9458901
143,0.1281783,0.17225516,0.10319936,0.20149958,0.7984039,0.77382326,0.7806332,0.81518203
144,0.28605855,0.0777511,0.2764011,0.20898719,1.126838,1.4319268,1.1319153,1.2513218
145,0.40493488,0.35010076,0.36216784,0.38329852,1.3524771,1.1448728,1.2262083,1.2278265
146,0.22943425,0.21553063,0.28735316,0.3138107,0.8308455,0.8315859,0.7758186,0.85322064
147,0.26965356,0.23428822,0.18913126,0.23767686,1.1775349,1.2252666,1.2781284,1.2899516
148,0.19403434,0.26985753,0.24982691,0.27506673,0.9229743,0.8168851,0.9410403,0.9424727
149,0.2677343,0.3283698,0.3184852,0.28436422,1.0752631,1.0291915,1.0068119,1.0926815
150,0.21198565,0.2399435,0.17851281,0.19935793,1.1784443,1.0051248,0.9845715,1.1083888
151,0.20947981,0.24210167,0.28329682,0.24227667,0.87943316,0.83352566,1.0698026,0.9039549
152,0.2612853,0.17256427,0.17158163,0.27205712,1.0580703,0.939649,1.0069996,1.0823462
153,0.34311938,0.34525788,0.22363651,0.3881479,1.0733862,0.99696976,1.0385102,1.040349
154,0.39395356,0.34806,0.25575125,0.27535975,1.2807145,1.2782768,1.1040782,1.2385728
155,0.21323162,0.2415731,0.2853977,0.25192684,0.9887179,1.0703877,0.980438,1.0692041
156,0.17432177,0.13719642,0.13498247,0.16207844,1.0429819,1.0535085,1.0432411,1.1438653
157,0.22390199,0.2156012,0.20419717,0.26009333,0.97723866,1.0405265,1.0865828,1.1137929
158,0.19464242,0.21449196,0.2939399,0.16582865,1.0637131,0.97681963,0.99513465,0.9669051
159,0.25946522,0.32485318,0.24890685,0.30492675,1.0003238,0.94639933,1.0427153,1.1136495
160,0.30898905,0.37508205,0.32561696,0.28509432,1.2220434,1.166054,1.1696005,1.3776934
161,0.29490733,0.33104625,0.2820033,0.25147247,0.9935119,0.94484365,0.9886603,1.043039
162,0.40754437,0.41958714,0.36951375,0.37344313,1.0363016,1.0627971,1.396658,0.9920141
163,0.26615524,0.25074983,0.23874569,0.29875898,0.9764657,0.90410024,0.8411154,0.82729214
164,0.08514202,0.08372021,0.080593586,0.076673865,0.79305255,0.83560145,0.7723322,0.8411241
165,0.34981656,0.33188415,0.33307528,0.29076982,0.79017574,0.81371653,0.8409036,0.88445085
166,0.51256585,0.39318132,0.4865734,0.4039827,1.0316681,1.0562682,1.0207834,1.0444055
167,0.25894892,0.28390777,0.21357071,0.27237856,0.88715494,0.95369565,0.970107,0.9777461
168,0.18594909,0.219105,0.19440317,0.1584003,0.9244486,0.8422933,0.78737605,0.8567236
169,0.44234133,0.3839,0.36788982,0.45459825,1.104153,1.0878391,1.2269944,1.2279795
170,0.39356756,0.4748227,0.4255088,0.4379142,1.0528442,1.0511411,1.0465555,1.0771791
171,0.26460123,0.20218861,0.2416892,0.25797987,1.0397762,0.9583609,0.94766134,1.0606184
172,0.23167896,0.3040278,0.17370677,0.2554462,1.0753586,1.0751866,1.0328715,1.0316167
173,0.4810133,0.3314805,0.2972827,0.21832943,1.3061389,1.2305351,1.1766312,1.1672878
174,0.32430154,0.3723812,0.31135234,0.3980214,1.3294505,1.1998184,1.0910147,1.1592386
175,0.2888925,0.2129699,0.19720984,0.18517697,0.9084924,0.92571825,0.86001825,0.86834157
176,0.34749377,0.32456517,0.2821033,0.3607269,0.99096596,0.8828349,1.0186459,1.056185
177,0.22851384,0.22762835,0.19222474,0.27123773,1.0326216,1.0317446,1.1250225,1.1379254
178,0.3302343,0.4294387,0.3295387,0.40393555,1.0234932,0.9968477,1.0095422,1.0041391
179,0.41499925,0.31688845,0.22990662,0.2832752,1.1936824,1.1009411,1.1146932,1.0596052
180,0.21394563,0.29206347,0.25513625,0.257473,1.0874484,0.9065179,0.94384634,0.93308866
181,0.34483695,0.24165833,0.23451877,0.27254617,0.97408926,1.0653908,1.1018761,0.9635511
182,0.21485722,0.2165786,0.27509928,0.18629485,0.9647712,0.9828865,1.0016398,1.0620121
183,0.23432612,0.20767355,0.23266852,0.29246384,1.0125045,1.0641593,1.0230454,0.92754704
184,0.18386197,0.24880493,0.32089055,0.21034706,0.8479331,0.9364584,0.8502303,0.8861749
185,0.23436809,0.18578339,0.16501904,0.17139459,0.79119515,0.76199967,0.7669646,0.9557598
186,0.29929805,0.2801113,0.22210097,0.1784836,0.9220881,0.9872971,0.9071404,1.1322628
187,0.29238677,0.15645015,0.27959454,0.17447293,1.0010927,0.9035905,1.0089289,1.0588379
188,0.15920353,0.16150415,0.21567667,0.24237359,1.0278698,0.8588292,0.9680335,0.98006344
189,0.26420927,0.25509644,0.297199,0.20538902,0.7866339,0.83514804,0.7931149,0.8162936
190,0.40243065,0.2796167,0.3211332,0.37166,0.9999377,0.7883059,0.83488256,0.9779699
191,0.1914599,0.17911315,0.13150227,0.32353675,0.75386465,0.7300694,0.81641275,0.7874972
192,0.3826667,0.28855646,0.17002818,0.23451571,1.0993712,1.0361325,1.0523394,1.2722938
193,0.40826994,0.23322445,0.31687278,0.3072174,0.90538937,1.0978862,1.009712,1.1190085
194,0.16481829,0.1256715,0.19221073,0.13129115,0.89244676,0.8672319,0.84666264,0.9402573
195,0.2995305,0.26737785,0.25775203,0.13091442,0.8535958,0.9103394,0.8182371,1.0113809
196,0.22035062,0.21596688,0.25562304,0.22076619,0.9347571,0.9427245,0.9574635,1.0137457
197,0.26827776,0.26657635,0.36314023,0.27012157,1.0239775,0.89374995,0.92423815,1.0522722
198,0.2620707,0.31567693,0.25122163,0.24581073,1.0766878,1.0588875,1.0436296,1.1034163
199,0.27788472,0.20468134,0.15461916,0.21682811,0.897864,0.955853,0.8228112,0.9423298
200,0.22873902,0.23940301,0.1659745,0.24859226,0.6860191,0.67349166,0.75889915,0.74389195
201,0.26434517,0.25284475,0.19772911,0.37786573,0.80812573,0.8516998,0.8980366,0.8843896
202,0.15221655,0.19455695,0.13678598,0.17343926,0.7776207,0.7348287,0.7815062,0.84942347
203,0.19620585,0.21085775,0.15224576,0.19749431,1.1119895,1.1003407,1.0855932,1.2077965
204,0.12801728,0.21647581,0.17773019,0.19648676,1.0766519,0.98404765,1.0420662,1.1128645
205,0.2019825,0.21478868,0.25193453,0.21279517,0.76510775,0.7291145,0.8368531,0.81862414
206,0.20534217,0.20330632,0.2311557,0.15605444,0.8098219,0.7794739,0.8682141,0.867552
207,0.17616165,0.14999413,0.20190418,0.16876537,0.7583396,0.7695099,0.7327232,0.8060994
208,0.3450508,0.28985763,0.38619554,0.28568888,0.86562574,0.8298446,0.92758256,1.1517155
209,0.28707194,0.2619629,0.27555358,0.23978353,0.8417885,0.7628647,0.7864638,0.84943706
210,0.34031856,0.3113141,0.24738598,0.34536952,0.8865286,0.8576303,0.86099553,0.91399753
211,0.300519,0.29392558,0.23853564,0.26904556,0.8645419,0.8575335,0.8490337,0.9948436
212,0.3257793,0.27304384,0.34620914,0.33780634,1.2508595,1.1698884,1.2240363,1.2678266
213,0.26572955,0.30404383,0.30144018,0.2750522,1.0257015,0.9146873,1.0291541,1.0324247
214,0.23440376,0.1922197,0.19835848,0.26647162,1.1446936,1.1085906,1.1291838,1.2100699
215,0.26464963,0.18855882,0.24192196,0.317821,0.8775109,0.743091,0.90269905,0.8823237
216,0.28726804,0.3499846,0.27980733,0.30304796,0.88655823,0.971371,0.8012386,0.8947623
217,0.46062618,0.383969,0.37762153,0.3515004,1.0706297,1.0663882,1.068881,1.1135482
218,0.31827614,0.4006251,0.35467798,0.40134972,1.0765786,1.022343,1.1216362,1.1767902
219,0.23005313,0.18801332,0.19224387,0.14028397,0.8961598,0.9569569,1.0506532,1.0112993
220,0.28363532,0.35927513,0.28724706,0.426883,1.1524268,1.1967039,1.2428449,1.3283504
221,0.4581647,0.36446843,0.30400103,0.26981097,1.1234126,1.1864167,1.09322,1.0930992
222,0.19758785,0.18733609,0.16460681,0.15900218,0.8311208,0.712189,0.733946,0.8395939
223,0.18864655,0.23736405,0.19875228,0.20009184,0.78591883,0.69950956,0.80721503,0.8777086
224,0.268762,0.23943812,0.29274434,0.2697671,0.9444374,1.0714285,0.97166264,0.99300945
225,0.2258535,0.23535118,0.15664862,0.31825957,1.0928804,1.1500788,1.0855894,1.1017821
226,0.38242233,0.31036973,0.30581355,0.37123162,0.9069313,0.8510269,0.8574773,0.9659198
227,0.29258466,0.3965937,0.27649343,0.2552722,0.90727806,1.0064771,1.0522751,1.0164233
228,0.42329276,0.21766818,0.38912582,0.37987745,1.0084319,1.1449875,0.9740159,1.052899
229,0.0639236,0.067201495,0.073862255,0.07878584,0.93113106,0.8739692,0.8859964,0.96795213
230,0.32665104,0.30151805,0.24145114,0.27172828,1.0956352,1.1356821,1.0348024,1.2217736
231,0.21673298,0.28218544,0.31869102,0.24949527,0.93535835,0.8025466,0.8780486,0.87820816
232,0.23043942,0.3025359,0.21073693,0.26775154,1.1707834,1.0855192,1.224957,1.2535291
233,0.31787515,0.39156115,0.31810606,0.30002254,1.403506,1.3957201,1.4299868,1.4476084
234,0.41474605,0.81253195,0.36763763,0.46735263,1.2028706,1.01433,1.1008723,1.1021246
235,0.3272804,0.2830454,0.20826492,0.3250062,1.264078,1.1119528,1.1339836,1.2874572
236,0.16484517,0.10190904,0.14061257,0.107706815,1.0856881,1.062875,0.9728409,1.1269871
237,0.390799,0.34560627,0.45281628,0.38812155,1.1151981,0.98297065,1.1063285,1.19713
238,0.40268195,0.3041333,0.28516048,0.27115422,0.95248884,0.9748083,0.9145748,1.1014994
239,0.2569487,0.38197374,0.25842243,0.20487726,1.1512477,1.0790578,1.0175267,1.1302617
240,0.23916423,0.17736161,0.19268245,0.2141794,0.9972153,1.113105,0.9859531,1.0480567
241,0.37442744,0.41886795,0.4318297,0.47746736,1.0619897,1.1599829,1.2330323,1.1809686
242,0.34983373,0.37285483,0.34670913,0.21724212,1.1261945,1.0772816,1.0880363,1.2291255
243,0.22168314,0.27464664,0.19332695,0.22178024,1.0690671,1.0345137,0.9663512,1.0310912
244,0.29888594,0.2722059,0.30138123,0.32086965,1.0281831,1.1493223,1.171383,1.1433392
245,0.31270635,0.35559118,0.2517531,0.32849467,0.9741174,0.9684837,0.9281511,0.9999788
246,0.3593198,0.5521113,0.5410973,0.6042819,1.3477937,1.2861507,1.4671373,1.3053732
247,0.16409385,0.16015112,0.21288049,0.16053855,1.1036497,0.95977634,1.0646116,1.0559537
248,0.24136806,0.2139175,0.18398261,0.19906044,0.96645254,0.8190467,0.8309843,0.89379543
249,0.21047944,0.23792192,0.23187992,0.23031382,1.1856467,1.2464428,1.2856055,1.2676924
250,0.33413792,0.4364984,0.3738376,0.25276363,1.0806974,1.0033619,1.207734,1.1768509
251,0.28801465,0.17385507,0.25672913,0.23976111,0.87669563,0.8323706,0.87137175,0.9786845
252,0.15449262,0.14620769,0.12443578,0.19768876,1.0326781,1.0554758,1.1093717,1.196303
253,0.40944946,0.34864867,0.35239768,0.4411831,1.2826358,1.1689072,1.2192489,1.2236787
254,0.2397852,0.6447284,0.10383189,0.29627728,1.3793359,1.519471,1.7284127,1.6246068
255,0.29301178,0.23570043,0.3356874,0.23571727,1.3216187,1.1904712,1.2285246,1.1937883
256,0.2131692,0.21803032,0.21960868,0.16921955,1.2066658,1.1353118,1.16355,1.1787769
257,0.21221542,0.2558142,0.24918997,0.21635354,0.79503053,0.79707044,0.7824205,0.84112656
258,0.22556508,0.14262414,0.14229059,0.1323688,1.5233355,1.5349944,1.5582875,1.5962214
259,0.25638795,0.26668978,0.18913162,0.20186555,1.0729141,1.0422183,1.1738203,0.9550682
260,0.3268715,0.27674675,0.29213452,0.23863101,1.0557885,1.1967942,1.0338604,1.1139784
261,0.4706062,0.41878653,0.38365996,0.42168772,1.2557585,1.1366532,1.1295025,1.1900721
262,0.09853196,0.09261966,0.08289504,0.11281884,1.056232,1.0160776,1.0346344,1.0998436
263,0.25290072,0.28500724,0.25616318,0.27395275,1.2912322,1.2052695,1.3070456,1.3001515
264,0.21133852,0.16722822,0.20216942,0.18098283,1.0171005,1.0055431,1.0131295,1.0753274
265,0.4642985,0.4742899,0.43071628,0.4122162,1.2674904,1.1006691,1.5160016,1.3542631
266,0.4811256,0.3868718,0.47562468,0.42515707,1.2163043,1.1534214,1.2035332,1.1364403
267,0.25046587,0.34618568,0.24553907,0.3228566,1.0768206,1.2046721,1.1689407,1.0936456
268,0.29773152,0.30488253,0.3106408,0.3003645,1.1321247,1.1200287,1.0462208,1.1270666
269,0.36087906,0.3346064,0.39990854,0.33739746,1.0084573,1.0947487,1.0647322,1.0298618
270,0.26822686,0.20770597,0.23351073,0.2052257,0.9105617,0.85865486,0.8776471,0.89266676
271,0.47970104,0.43810773,0.42515063,0.4205842,1.4450548,1.3830391,1.4810927,1.6302056
272,0.20125365,0.19086552,0.23909044,0.22301078,0.8246482,0.8264896,0.83637303,0.89333963
273,0.24513602,0.2865622,0.27943707,0.2637099,0.86087507,0.9266418,0.8547688,0.9790076
274,0.35707664,0.35218513,0.2894163,0.3358072,1.1509866,1.1566935,1.2337295,1.2555305
275,0.3007071,0.28124833,0.23897147,0.26207113,1.0853434,0.96051145,1.033544,1.0989938
276,0.19359839,0.2507323,0.22028017,0.24000156,1.0516634,1.0725274,1.0759083,1.0634477
277,0.31780934,0.42849898,0.31289148,0.31317055,1.1822624,1.0852563,1.1503351,1.1216124
278,0.16822386,0.2057786,0.17936945,0.18290257,0.93519837,0.93478256,0.90242547,1.0145564
279,0.19754386,0.22894752,0.20287573,0.20091474,0.8847212,0.8530883,0.81038284,0.978488
280,0.1406486,0.22358656,0.2891035,0.24607015,0.88667923,0.68501407,0.7188746,0.82629806
281,0.24327528,0.19558072,0.28253746,0.25333118,1.0267993,1.0226444,1.0096567,0.96924305
282,0.26765442,0.18947577,0.2032876,0.24808395,0.8477116,0.7721348,0.7911786,0.8076207
283,0.16540325,0.14737618,0.26033568,0.26530093,1.0113068,1.142996,1.04044,0.92127305
284,0.39902747,0.22829568,0.2085886,0.2499876,0.9784961,1.0039396,0.9221081,0.91112864
285,0.16191077,0.19355273,0.19413543,0.20993984,0.9928958,0.9890228,0.9616418,1.0682119
286,0.28243804,0.35830235,0.28828478,0.31910372,1.1187264,0.88521063,0.93090713,0.9225157
287,0.19685054,0.2605338,0.23961735,0.25401878,0.95506585,0.8393828,0.8331726,0.83772016
288,0.19676065,0.14165306,0.13082695,0.18392354,0.695133,0.66439664,0.71094704,0.7101819
289,0.20921636,0.25415754,0.20211345,0.21629131,0.74110466,0.68270594,0.65921617,0.67864364
290,0.37355155,0.28176478,0.35365295,0.34248596,1.073364,1.1074803,1.0659686,1.2308358
291,0.3067814,0.1912911,0.28873593,0.25070196,0.96238077,0.8680408,0.93860936,0.86978614
292,0.18631148,0.24626803,0.18982744,0.1797657,0.7508204,0.74282646,0.7381243,0.73717284
293,0.18414664,0.23535836,0.16006303,0.20808327,0.7695267,0.7632304,0.76291394,0.80302894
294,0.3759706,0.38882303,0.34831345,0.31150252,0.8835703,0.87186146,0.8080433,0.92546546
295,0.22625732,0.15132785,0.2262476,0.21505286,0.8055613,0.8292533,0.81281286,0.7633297
296,0.27255785,0.25074053,0.21560478,0.2109819,0.7810103,0.79638475,0.7394683,0.8094166
297,0.32555282,0.20485115,0.22242582,0.1603862,0.6331434,0.64659315,0.70474315,0.6983548
298,0.2605852,0.22186595,0.22923386,0.28656548,0.8590738,0.8424547,0.8456899,0.8943266
299,0.15162969,0.23998189,0.19113457,0.22208166,0.71258307,0.73316723,0.6852838,0.82874316
300,0.20847905,0.26825464,0.27925694,0.24262166,0.75373334,0.7329157,0.715509,0.7357197
301,0.16928923,0.17721438,0.19126213,0.21481371,0.8297637,0.8245421,0.78866017,0.9487804
302,0.25001025,0.38434952,0.27362496,0.3058443,0.8066156,0.78706497,0.89436036,0.77182597
303,0.16808176,0.20126438,0.1597237,0.2041499,0.8097994,0.7637663,0.7536564,0.88725954
304,0.36289537,0.544585,0.3757155,0.28187233,1.3245107,1.3893367,1.2552688,1.3277111
305,0.15513813,0.1992867,0.22067958,0.20562434,0.72798043,0.7386852,0.6825079,0.7837346
306,0.34188163,0.27752137,0.31702912,0.2317704,0.8947327,0.7494462,0.7630812,0.8345288
307,0.35320437,0.2825228,0.21160126,0.26174986,0.8529438,0.86728114,0.92905384,0.94756526
308,0.20994174,0.31044605,0.25433388,0.31081045,1.5477368,1.0203747,0.8784262,0.9944735
309,0.2437334,0.27758878,0.24151182,0.22548139,0.80498946,0.80209476,0.8712147,0.8788965
310,0.31332493,0.3441288,0.34001327,0.33303165,1.0286881,0.94684076,0.98336154,1.0433486
311,0.39623415,0.303818,0.35364932,0.26314563,1.1026692,1.1276932,1.0275145,1.2187648
312,0.36153245,0.35039544,0.28696263,0.3687942,0.9219479,0.88952744,0.9014955,0.9075169
313,0.47359383,0.4627035,0.36819452,0.40864635,1.1612767,1.3559632,1.1906785,1.2216966
314,0.19701433,0.13823748,0.1483705,0.15741706,0.8930367,0.7007351,0.7442154,0.7340559
315,0.3198793,0.31313252,0.2722574,0.3476424,0.9471217,1.4914012,0.9002411,0.9524519
316,0.2762288,0.37213212,0.23138702,0.21618053,0.92683375,0.92184365,0.9020575,1.0132272
317,0.34857166,0.35329282,0.3019396,0.29563093,0.841018,0.87230587,0.8794292,0.83702755
318,0.39179683,0.39514124,0.31517076,0.38398117,0.82430804,0.94886005,0.8773987,1.0381812
319,0.31587344,0.28367907,0.28862047,0.27869385,1.024632,1.0183762,0.99093235,1.0769432
320,0.26709569,0.3746928,0.30310237,0.33344203,1.252338,0.8134225,0.8757752,0.86017025
321,0.24652612,0.27272904,0.2261095,0.26230466,0.92116326,0.9076787,0.93435377,1.0225655
322,0.48827124,0.41079527,0.27549613,0.38290405,1.142211,1.1603866,1.2526025,1.1112298
323,0.28141308,0.2804861,0.26675034,0.36092502,1.1415093,1.0677048,1.066044,1.0740813
324,0.29052055,0.21359515,0.2136553,0.20090413,0.81559694,0.7658797,0.78414637,0.85813475
325,0.24087894,0.20420754,0.28800333,0.20747167,0.8253191,0.8258829,0.9833383,0.8670142
326,0.2871946,0.30930972,0.3556533,0.3419997,0.9745819,0.86416954,0.93058133,0.9710966
327,0.38038468,0.4545473,0.3158648,0.28588223,0.94575655,0.90333873,0.98304456,1.0260373
328,0.47798318,0.45283198,0.34163588,0.3030625,1.0705776,1.1216612,1.1115948,1.1197908
329,0.3085612,0.34814253,0.2618561,0.2954856,0.92956084,0.9072109,0.89573216,0.97337115
330,0.49236494,0.48660263,0.43120012,0.5035588,1.1412781,1.1981194,1.0652939,1.127168
331,0.34648466,0.25898504,0.32377338,0.34360415,1.0441568,0.9509468,1.1111522,0.92514825
332,0.36873126,0.48315525,0.4668191,0.23318517,0.95666707,1.0043627,1.0497632,1.1142465
333,0.42625117,0.42419684,0.42271268,0.39234662,1.0147818,1.0726764,0.96200746,0.96058524
334,0.29622674,0.34776592,0.26734996,0.31012273,0.70294964,0.7845058,0.9081865,0.82388806
335,0.29025936,0.1997397,0.23615235,0.2672673,0.89520675,0.9371818,0.9667479,0.92798615
336,0.46066487,0.3133011,0.3721515,0.2831521,0.9489816,1.0075593,1.0528783,0.9923592
337,0.33840346,0.40557814,0.46501768,0.28891528,1.2954892,1.3755413,1.4587913,1.3923547
338,0.41348135,0.37211412,0.38984713,0.5030216,1.1305423,1.1534978,1.1084596,1.1802164
339,0.3105948,0.2751211,0.38475525,0.24074835,0.9900513,0.98103565,0.9332342,1.0022075
340,0.4117248,0.4469154,0.3923235,0.36847556,1.2494819,0.9909312,1.0809102,1.3997009
341,0.3298372,0.48432952,0.39980066,0.46331036,1.0057743,1.0304239,1.1191761,1.0458885
342,0.42478335,0.4281249,0.48251417,0.50343114,1.2913804,1.1373737,1.1532881,1.2155151
343,0.46988058,0.27608395,0.22469664,0.22919673,1.0346682,0.99120325,0.97158355,1.0767385
344,0.34108067,0.26704085,0.16032302,0.3297453,0.92595667,0.94915825,0.9347609,1.0046229
345,0.21878684,0.23971105,0.3427453,0.25474584,1.1752089,1.0394813,1.0922884,1.1865131
346,0.60623455,0.51869166,0.43233073,0.47544438,1.1524053,1.097087,1.2228888,1.5247597
347,0.31200373,0.24421477,0.19653237,0.2453798,1.0127386,0.9744279,0.9736526,1.0213522
348,0.4037869,0.6322663,0.5022048,0.57735634,1.2484761,1.2015122,0.9856436,1.0050974
349,0.2864387,0.312212,0.35470414,0.30112904,1.144176,1.0942492,1.0460312,1.1154841
350,0.31671888,0.40246344,0.35399756,0.4442502,1.0763168,1.166661,1.0810113,1.1038684
351,0.40033317,0.47988892,0.44080907,0.32687366,1.0082486,1.0711987,1.1182783,1.2094139
352,0.2704624,0.20239282,0.24958801,0.2542739,0.8731014,0.8909165,0.8617107,1.0481309
353,0.13208628,0.11384714,0.13978839,0.12282026,0.9165171,0.96445626,0.8950457,0.98503774
354,0.20084465,0.16666496,0.1523596,0.14526862,0.9853574,0.9821845,0.93835115,1.1190723
355,0.1557566,0.22839636,0.13676721,0.1801458,0.97912294,0.9305131,0.9334743,1.0591604
356,0.19076705,0.23161834,0.20394683,0.17687139,1.0686815,0.94627374,1.1237301,1.0675304
357,0.19657874,0.23269725,0.19048446,0.18182075,1.0672443,0.91778505,0.98722565,1.0588292
358,0.30515766,0.26841313,0.17944407,0.2760802,0.9629361,1.0583922,0.9770668,0.97218144
359,0.2091788,0.20602638,0.21833396,0.18175006,1.0812532,1.1590947,1.1060624,1.2162536
360,0.19828343,0.28361547,0.23769486,0.24493682,0.89800453,0.922676,0.9565371,0.7852778
361,0.23672622,0.2696873,0.20668343,0.25440782,1.2473674,1.2312707,1.2577198,1.2439128
362,0.1995644,0.22117682,0.23431808,0.2192336,0.94610864,0.9430146,0.92713654,1.0568317
363,0.14110744,0.22686005,0.17365873,0.2268416,0.9515042,0.9761547,1.01466,0.9599974
364,0.247904,0.26714838,0.2673881,0.2262965,1.0345691,1.1885941,1.1409373,1.1350447
365,0.20744443,0.22087693,0.21516514,0.21824431,0.9596013,1.0965068,0.9813641,1.0868832
366,0.20374799,0.17967677,0.25806212,0.23282796,0.9279805,0.9608932,0.9296481,0.96323323
367,0.21474338,0.12699962,0.1679346,0.22828215,1.0230138,0.9125965,0.9365972,0.9235109
368,0.14877355,0.14504099,0.13759208,0.14606655,0.85203874,0.8358485,0.84991914,0.8732749
369,0.15877402,0.1444323,0.20295352,0.16150534,0.93804795,0.9359541,0.93502563,0.8877008
370,0.24235547,0.26446772,0.23077863,0.22807533,0.89746857,1.0075518,0.9020994,0.9410601
371,0.11595869,0.15505964,0.13131434,0.10986769,0.8348971,0.8492922,0.90633774,0.856903
372,0.17417336,0.18567216,0.20670724,0.20274282,1.0511334,0.94136226,0.93781537,1.0277622
373,0.1880194,0.2560351,0.24368751,0.22073257,0.8200962,0.80210334,0.7958724,0.85007775
374,0.29329765,0.21554166,0.2329616,0.29022133,1.1468934,1.1658198,1.1514174,1.2028732
375,0.17845082,0.22639978,0.20032728,0.23370051,0.9290226,0.9412485,0.99187654,1.054189
376,0.22648358,0.21534252,0.16866994,0.1971106,1.086014,0.9668809,0.94402117,1.034232
377,0.19524622,0.17692459,0.11115432,0.19448256,0.8005527,0.79957527,0.80289704,0.8747998
378,0.19709468,0.20920074,0.24649468,0.23523617,0.9522163,0.8373738,0.8593664,1.0256652
379,0.2553239,0.21135509,0.27300668,0.20001137,0.9045672,0.8319939,0.8012732,0.9383178
380,0.26609027,0.31792867,0.25429237,0.18331242,0.94919515,0.8397046,0.7489695,0.87303966
381,0.14265406,0.13743746,0.1292069,0.16770267,0.7929176,0.81669503,0.8980841,0.91342443
382,0.30256915,0.27329552,0.29879475,0.35064685,1.0382304,0.99615216,0.99417084,1.1242905
383,0.87972134,-0.119675875,0.8042512,-0.10022104,0.6100774,0.34017995,0.77088994,1.2292693
